Order_ID,Date,Region,Category,Product,Sales,Quantity,Discount,Profit,Customer_Rating
O1001,2026-01-03,South,Stationery,Notebook,587.1,2,0.05,129.16,4.1
O1002,2026-01-05,East,Furniture,Office Chair,22742.4,3,0.08,3411.36,4.2
O1003,2026-01-07,West,Electronics,Headphones,6180.0,4,0.0,865.2,4.3
O1004,2026-01-09,North,Stationery,Printer Paper,782.8,2,0.05,172.22,4.4
O1005,2026-01-11,South,Electronics,Monitor,28428.0,3,0.08,3979.92,4.5
O1006,2026-01-13,East,Stationery,Pen Set,618.0,4,0.0,135.96,4.6
O1007,2026-01-15,West,Electronics,Laptop,82194.0,2,0.05,11507.16,4.7
O1008,2026-01-17,North,Furniture,Desk,48327.6,3,0.08,7249.14,4.8
O1009,2026-01-19,South,Electronics,Smartphone,90640.0,4,0.0,12689.6,4.9
O1010,2026-01-21,East,Stationery,Notebook,587.1,2,0.05,129.16,4.0
O1011,2026-02-03,East,Stationery,Printer Paper,805.6,2,0.05,177.23,4.2
O1012,2026-02-05,West,Electronics,Monitor,29256.0,3,0.08,4095.84,4.3
O1013,2026-02-07,North,Stationery,Pen Set,636.0,4,0.0,139.92,4.4
O1014,2026-02-09,South,Electronics,Laptop,84588.0,2,0.05,11842.32,4.5
O1015,2026-02-11,East,Furniture,Desk,49735.2,3,0.08,7460.28,4.6
O1016,2026-02-13,West,Electronics,Smartphone,93280.0,4,0.0,13059.2,4.7
O1017,2026-02-15,North,Stationery,Notebook,604.2,2,0.05,132.92,4.8
O1018,2026-02-17,South,Furniture,Office Chair,23404.8,3,0.08,3510.72,4.9
O1019,2026-02-19,East,Electronics,Headphones,6360.0,4,0.0,890.4,4.0
O1020,2026-02-21,West,Stationery,Printer Paper,805.6,2,0.05,177.23,4.1
O1021,2026-03-03,West,Electronics,Laptop,86982.0,2,0.05,12177.48,4.3
O1022,2026-03-05,North,Furniture,Desk,51142.8,3,0.08,7671.42,4.4
O1023,2026-03-07,South,Electronics,Smartphone,95920.0,4,0.0,13428.8,4.5
O1024,2026-03-09,East,Stationery,Notebook,621.3,2,0.05,136.69,4.6
O1025,2026-03-11,West,Furniture,Office Chair,24067.2,3,0.08,3610.08,4.7
O1026,2026-03-13,North,Electronics,Headphones,6540.0,4,0.0,915.6,4.8
O1027,2026-03-15,South,Stationery,Printer Paper,828.4,2,0.05,182.25,4.9
O1028,2026-03-17,East,Electronics,Monitor,30084.0,3,0.08,4211.76,4.0
O1029,2026-03-19,West,Stationery,Pen Set,654.0,4,0.0,143.88,4.1
O1030,2026-03-21,North,Electronics,Laptop,86982.0,2,0.05,12177.48,4.2
O1031,2026-04-03,North,Stationery,Notebook,638.4,2,0.05,140.45,4.4
O1032,2026-04-05,South,Furniture,Office Chair,24729.6,3,0.08,3709.44,4.5
O1033,2026-04-07,East,Electronics,Headphones,6720.0,4,0.0,940.8,4.6
O1034,2026-04-09,West,Stationery,Printer Paper,851.2,2,0.05,187.26,4.7
O1035,2026-04-11,North,Electronics,Monitor,30912.0,3,0.08,4327.68,4.8
O1036,2026-04-13,South,Stationery,Pen Set,672.0,4,0.0,147.84,4.9
O1037,2026-04-15,East,Electronics,Laptop,89376.0,2,0.05,12512.64,4.0
O1038,2026-04-17,West,Furniture,Desk,52550.4,3,0.08,7882.56,4.1
O1039,2026-04-19,North,Electronics,Smartphone,98560.0,4,0.0,13798.4,4.2
O1040,2026-04-21,South,Stationery,Notebook,638.4,2,0.05,140.45,4.3
O1041,2026-05-03,South,Stationery,Printer Paper,874.0,2,0.05,192.28,4.5
O1042,2026-05-05,East,Electronics,Monitor,31740.0,3,0.08,4443.6,4.6
O1043,2026-05-07,West,Stationery,Pen Set,690.0,4,0.0,151.8,4.7
O1044,2026-05-09,North,Electronics,Laptop,91770.0,2,0.05,12847.8,4.8
O1045,2026-05-11,South,Furniture,Desk,53958.0,3,0.08,8093.7,4.9
O1046,2026-05-13,East,Electronics,Smartphone,101200.0,4,0.0,14168.0,4.0
O1047,2026-05-15,West,Stationery,Notebook,655.5,2,0.05,144.21,4.1
O1048,2026-05-17,North,Furniture,Office Chair,25392.0,3,0.08,3808.8,4.2
O1049,2026-05-19,South,Electronics,Headphones,6900.0,4,0.0,966.0,4.3
O1050,2026-05-21,East,Stationery,Printer Paper,874.0,2,0.05,192.28,4.4
O1051,2026-06-03,East,Electronics,Laptop,94164.0,2,0.05,13182.96,4.6
O1052,2026-06-05,West,Furniture,Desk,55365.6,3,0.08,8304.84,4.7
O1053,2026-06-07,North,Electronics,Smartphone,103840.0,4,0.0,14537.6,4.8
O1054,2026-06-09,South,Stationery,Notebook,672.6,2,0.05,147.97,4.9
O1055,2026-06-11,East,Furniture,Office Chair,26054.4,3,0.08,3908.16,4.0
O1056,2026-06-13,West,Electronics,Headphones,7080.0,4,0.0,991.2,4.1
O1057,2026-06-15,North,Stationery,Printer Paper,896.8,2,0.05,197.3,4.2
O1058,2026-06-17,South,Electronics,Monitor,32568.0,3,0.08,4559.52,4.3
O1059,2026-06-19,East,Stationery,Pen Set,708.0,4,0.0,155.76,4.4
O1060,2026-06-21,West,Electronics,Laptop,94164.0,2,0.05,13182.96,4.5
O1061,2026-07-03,West,Stationery,Notebook,689.7,2,0.05,151.73,4.7
O1062,2026-07-05,North,Furniture,Office Chair,26716.8,3,0.08,4007.52,4.8
O1063,2026-07-07,South,Electronics,Headphones,7260.0,4,0.0,1016.4,4.9
O1064,2026-07-09,East,Stationery,Printer Paper,919.6,2,0.05,202.31,4.0
O1065,2026-07-11,West,Electronics,Monitor,33396.0,3,0.08,4675.44,4.1
O1066,2026-07-13,North,Stationery,Pen Set,726.0,4,0.0,159.72,4.2
O1067,2026-07-15,South,Electronics,Laptop,96558.0,2,0.05,13518.12,4.3
O1068,2026-07-17,East,Furniture,Desk,56773.2,3,0.08,8515.98,4.4
O1069,2026-07-19,West,Electronics,Smartphone,106480.0,4,0.0,14907.2,4.5
O1070,2026-07-21,North,Stationery,Notebook,689.7,2,0.05,151.73,4.6
O1071,2026-08-03,North,Stationery,Printer Paper,942.4,2,0.05,207.33,4.8
O1072,2026-08-05,South,Electronics,Monitor,34224.0,3,0.08,4791.36,4.9
O1073,2026-08-07,East,Stationery,Pen Set,744.0,4,0.0,163.68,4.0
O1074,2026-08-09,West,Electronics,Laptop,98952.0,2,0.05,13853.28,4.1
O1075,2026-08-11,North,Furniture,Desk,58180.8,3,0.08,8727.12,4.2
O1076,2026-08-13,South,Electronics,Smartphone,109120.0,4,0.0,15276.8,4.3
O1077,2026-08-15,East,Stationery,Notebook,706.8,2,0.05,155.5,4.4
O1078,2026-08-17,West,Furniture,Office Chair,27379.2,3,0.08,4106.88,4.5
O1079,2026-08-19,North,Electronics,Headphones,7440.0,4,0.0,1041.6,4.6
O1080,2026-08-21,South,Stationery,Printer Paper,942.4,2,0.05,207.33,4.7
O1081,2026-08-23,West,Electronics,Laptop,250000.0,1,0.02,50000.0,4.9
